sample_id	autosome_PAR_mean_coverage	chrX_nonPAR_normalized_mean_coverage	chrY_nonPAR_normalized_mean_coverage
HG00446	0.002718	0.0	0.0
NA12775	0.00288	0.0003472222222222222	0.0003472222222222222
NA12842	0.002381	0.0	0.0
NA18549	0.002629	0.0	0.0
NA20752	0.002612	0.0	0.0
NA20757	0.002696	0.0	0.0
NA20764	0.00268	0.0003731343283582089	0.0
NA20769	0.002624	0.0	0.0
